accuracy,precision,recall,f1_score,specificity,sensitivity
0.7222222222222222,0.725,0.6666666666666666,0.7213622291021672,0.7777777777777778,0.6666666666666666
